"DistName",County,Precinct,King,Smucker,WriteIn,Total,KingPct,SmuckPct,WIPct
"100",Lancaster,Lancaster City - 1st Ward,283,46,,329,86.02,13.98,0.00
"201",Lancaster,Lancaster City - 2nd Ward - 1st Precinct,422,92,2,516,81.78,17.83,0.39
"202",Lancaster,Lancaster City - 2nd Ward - 2nd Precinct,426,108,,534,79.78,20.22,0.00
"300",Lancaster,Lancaster City - 3rd Ward,366,69,,435,84.14,15.86,0.00
"401",Lancaster,Lancaster City - 4th Ward - 1st Precinct,179,27,1,207,86.47,13.04,0.48
"402",Lancaster,Lancaster City - 4th Ward - 2nd Precinct,209,32,1,242,86.36,13.22,0.41
"501",Lancaster,Lancaster City - 5th Ward - 1st Precinct,451,81,,532,84.77,15.23,0.00
"502",Lancaster,Lancaster City - 5th Ward - 2nd Precinct,325,69,,394,82.49,17.51,0.00
"503",Lancaster,Lancaster City - 5th Ward - 3rd Precinct,404,84,,488,82.79,17.21,0.00
"601",Lancaster,Lancaster City - 6th Ward - 1st Precinct,399,80,,479,83.30,16.70,0.00
"602",Lancaster,Lancaster City - 6th Ward - 2nd Precinct,272,56,,328,82.93,17.07,0.00
"603",Lancaster,Lancaster City - 6th Ward - 3rd Precinct,405,117,,522,77.59,22.41,0.00
"604",Lancaster,Lancaster City - 6th Ward - 4th Precinct,432,100,,532,81.20,18.80,0.00
"605",Lancaster,Lancaster City - 6th Ward - 5th Precinct,424,83,,507,83.63,16.37,0.00
"606",Lancaster,Lancaster City - 6th Ward - 6th Precinct,193,130,,323,59.75,40.25,0.00
"607",Lancaster,Lancaster City - 6th Ward - 7th Precinct,437,112,1,550,79.45,20.36,0.18
"608",Lancaster,Lancaster City - 6th Ward - 8th Precinct,385,116,,501,76.85,23.15,0.00
"701",Lancaster,Lancaster City - 7th Ward - 1st Precinct,345,29,,374,92.25,7.75,0.00
"702",Lancaster,Lancaster City - 7th Ward - 2nd Precinct,343,21,,364,94.23,5.77,0.00
"703",Lancaster,Lancaster City - 7th Ward - 3rd Precinct,211,24,,235,89.79,10.21,0.00
"704",Lancaster,Lancaster City - 7th Ward - 4th Precinct,280,33,,313,89.46,10.54,0.00
"705",Lancaster,Lancaster City - 7th Ward - 5th Precinct,234,22,,256,91.41,8.59,0.00
"706",Lancaster,Lancaster City - 7th Ward - 6th Precinct,190,32,1,223,85.20,14.35,0.45
"707",Lancaster,Lancaster City - 7th Ward - 7th Precinct,307,72,1,380,80.79,18.95,0.26
"708".2,Lancaster,Lancaster City - 7th Ward - 8th Precinct (CV),96,95,,191,50.26,49.74,0.00
"708".3,Lancaster,Lancaster City - 7th Ward - 8th Precinct (LS),143,136,,279,51.25,48.75,0.00
"801",Lancaster,Lancaster City - 8th Ward - 1st Precinct,226,49,1,276,81.88,17.75,0.36
"802",Lancaster,Lancaster City - 8th Ward - 2nd Precinct,225,37,,262,85.88,14.12,0.00
"803",Lancaster,Lancaster City - 8th Ward - 3rd Precinct,248,79,,327,75.84,24.16,0.00
"804",Lancaster,Lancaster City - 8th Ward - 4th Precinct,505,148,3,656,76.98,22.56,0.46
"805",Lancaster,Lancaster City - 8th Ward - 5th Precinct,267,51,,318,83.96,16.04,0.00
"806",Lancaster,Lancaster City - 8th Ward - 6th Precinct,252,69,1,322,78.26,21.43,0.31
"807",Lancaster,Lancaster City - 8th Ward - 7th Precinct,421,178,,599,70.28,29.72,0.00
"808",Lancaster,Lancaster City - 8th Ward - 8th Precinct,438,131,,569,76.98,23.02,0.00
"809",Lancaster,Lancaster City - 8th Ward - 9th Precinct,407,104,,511,79.65,20.35,0.00
"901",Lancaster,Lancaster City - 9th Ward - 1st Precinct,519,124,,643,80.72,19.28,0.00
"902",Lancaster,Lancaster City - 9th Ward - 2nd Precinct,120,46,1,167,71.86,27.54,0.60
"903",Lancaster,Lancaster City - 9th Ward - 3rd Precinct,494,91,1,586,84.30,15.53,0.17
"904",Lancaster,Lancaster City - 9th Ward - 4th Precinct,968,171,1,1140,84.91,15.00,0.09
"905",Lancaster,Lancaster City - 9th Ward - 5th Precinct,547,133,,680,80.44,19.56,0.00
"1000",Lancaster,Adamstown Boro,302,453,1,756,39.95,59.92,0.13
"1101",Lancaster,Akron Boro - East Dist,275,429,2,706,38.95,60.76,0.28
"1102",Lancaster,Akron Boro - West Dist,389,641,,1030,37.77,62.23,0.00
"1200",Lancaster,Christiana Boro,155,179,,334,46.41,53.59,0.00
"1301",Lancaster,Columbia Boro - 1st Ward,230,148,2,380,60.53,38.95,0.53
"1304",Lancaster,Columbia Boro - 4th Ward,201,176,,377,53.32,46.68,0.00
"1305",Lancaster,Columbia Boro - 5th Ward,223,182,,405,55.06,44.94,0.00
"1306",Lancaster,Columbia Boro - 6th Ward,323,432,,755,42.78,57.22,0.00
"1307",Lancaster,Columbia Boro - 7th Ward,276,259,1,536,51.49,48.32,0.19
"1309",Lancaster,Columbia Boro - 9th Ward,182,195,,377,48.28,51.72,0.00
"1400",Lancaster,Denver Boro,493,872,2,1367,36.06,63.79,0.15
"1500",Lancaster,East Petersburg Boro North,399,297,,696,57.33,42.67,0.00
"1501",Lancaster,East Petersburg Boro South,321,304,,625,51.36,48.64,0.00
"1502",Lancaster,East Petersburg Boro West,332,364,,696,47.70,52.30,0.00
"1601",Lancaster,Elizabethtown Boro - 1st Ward,560,575,2,1137,49.25,50.57,0.18
"1602",Lancaster,Elizabethtown Boro - 2nd Ward,377,490,3,870,43.33,56.32,0.34
"1603",Lancaster,Elizabethtown Boro - 3rd Ward - 1st Precinct,216,302,,518,41.70,58.30,0.00
"1604",Lancaster,Elizabethtown Boro - 3rd Ward - 2nd Precinct,389,515,,904,43.03,56.97,0.00
"1605",Lancaster,Elizabethtown Boro - 3rd Ward - 3rd Precinct,253,277,,530,47.74,52.26,0.00
"1701",Lancaster,Ephrata Boro - 1st Ward,400,617,2,1019,39.25,60.55,0.20
"1702",Lancaster,Ephrata Boro - 2nd Ward,520,741,4,1265,41.11,58.58,0.32
"1703",Lancaster,Ephrata Boro - 3rd Ward,570,832,1,1403,40.63,59.30,0.07
"1704",Lancaster,Ephrata Boro - 4th Ward,356,586,,942,37.79,62.21,0.00
"1801",Lancaster,Lititz Boro - 1st Ward - 1st Precinct,278,177,1,456,60.96,38.82,0.22
"1802",Lancaster,Lititz Boro - 1st Ward - 2nd Precinct,300,275,,575,52.17,47.83,0.00
"1803",Lancaster,Lititz Boro - 2nd Ward - 1st Precinct,283,299,,582,48.63,51.37,0.00
"1804",Lancaster,Lititz Boro - 2nd Ward - 2nd Precinct,370,418,2,790,46.84,52.91,0.25
"1805",Lancaster,Lititz Boro - 3rd Ward - 1st Precinct,459,400,3,862,53.25,46.40,0.35
"1806",Lancaster,Lititz Boro - 3rd Ward - 2nd Precinct,512,511,,1023,50.05,49.95,0.00
"1901",Lancaster,Manheim Boro - 1st Ward,390,591,1,982,39.71,60.18,0.10
"1902",Lancaster,Manheim Boro - 2nd Ward,326,440,,766,42.56,57.44,0.00
"2001",Lancaster,Marietta Boro - 1st Dist,275,257,,532,51.69,48.31,0.00
"2002",Lancaster,Marietta Boro - 2nd Dist,235,241,,476,49.37,50.63,0.00
"2101",Lancaster,Millersville Boro - 1st Dist,356,261,1,618,57.61,42.23,0.16
"2102",Lancaster,Millersville Boro - 2nd Dist,370,350,1,721,51.32,48.54,0.14
"2103",Lancaster,Millersville Boro - 3rd Dist,376,259,2,637,59.03,40.66,0.31
"2104",Lancaster,Millersville Boro - 4th Dist,436,176,,612,71.24,28.76,0.00
"2301",Lancaster,Mount Joy Boro - East Ward,273,378,,651,41.94,58.06,0.00
"2302",Lancaster,Mount Joy Boro - Florin Ward,637,941,3,1581,40.29,59.52,0.19
"2303",Lancaster,Mount Joy Boro - West Ward,402,537,1,940,42.77,57.13,0.11
"2400",Lancaster,Mountville Boro,559,617,1,1177,47.49,52.42,0.08
"2501",Lancaster,New Holland Boro - 1st Dist,259,479,1,739,35.05,64.82,0.14
"2502",Lancaster,New Holland Boro - 2nd Dist,366,570,1,937,39.06,60.83,0.11
"2503",Lancaster,New Holland Boro - 3rd Dist,164,396,,560,29.29,70.71,0.00
"2600",Lancaster,Quarryville Boro,288,699,,987,29.18,70.82,0.00
"2701",Lancaster,Strasburg Boro - 1st Ward,315,463,,778,40.49,59.51,0.00
"2703",Lancaster,Strasburg Boro - 3rd Ward,267,394,,661,40.39,59.61,0.00
"2800",Lancaster,Terre Hill Boro,107,384,,491,21.79,78.21,0.00
"2900",Lancaster,Bart Twp,142,419,1,562,25.27,74.56,0.18
"3001",Lancaster,Brecknock Twp - Bowmansville Dist,403,1168,1,1572,25.64,74.30,0.06
"3002",Lancaster,Brecknock Twp - Muddy Creek Dist,141,661,,802,17.58,82.42,0.00
"3100",Lancaster,Caernarvon Twp,257,938,1,1196,21.49,78.43,0.08
"3201",Lancaster,Clay Twp - North,228,766,,994,22.94,77.06,0.00
"3202",Lancaster,Clay Twp - South,471,979,,1450,32.48,67.52,0.00
"3301",Lancaster,Cocalico East Twp - Smokestown Dist,225,850,,1075,20.93,79.07,0.00
"3302",Lancaster,Cocalico East Twp - Swartzville Dist,292,496,,788,37.06,62.94,0.00
"3303",Lancaster,Cocalico East Twp - Stevens Dist,246,546,3,795,30.94,68.68,0.38
"3304",Lancaster,Cocalico East Twp - Reamstown Dist,357,791,1,1149,31.07,68.84,0.09
"3401",Lancaster,Cocalico West Twp - Reinholds Dist,322,748,1,1071,30.07,69.84,0.09
"3402",Lancaster,Cocalico West Twp - Schoeneck Dist,246,963,5,1214,20.26,79.32,0.41
"3500",Lancaster,Colerain Twp,296,795,,1091,27.13,72.87,0.00
"3600",Lancaster,Conestoga Twp,499,1044,1,1544,32.32,67.62,0.06
"3700",Lancaster,Conoy Twp,329,1007,,1336,24.63,75.37,0.00
"3801",Lancaster,Donegal East Twp - Maytown Dist,380,651,1,1032,36.82,63.08,0.10
"3802",Lancaster,Donegal East Twp - Springville Dist,504,914,2,1420,35.49,64.37,0.14
"3803",Lancaster,Donegal East Twp - Maytown West Dist,344,640,1,985,34.92,64.97,0.10
"3901",Lancaster,Donegal West Twp - 1st Dist,239,518,1,758,31.53,68.34,0.13
"3902",Lancaster,Donegal West Twp - 2nd Dist,384,772,,1156,33.22,66.78,0.00
"3903",Lancaster,Donegal West Twp - 3rd Dist,513,872,1,1386,37.01,62.91,0.07
"3904",Lancaster,Donegal West Twp - 4th Dist,286,616,,902,31.71,68.29,0.00
"4000",Lancaster,Drumore Twp,200,545,,745,26.85,73.15,0.00
"4100",Lancaster,Drumore East Twp,326,953,,1279,25.49,74.51,0.00
"4201",Lancaster,Earl Twp - Martindale Dist,158,605,,763,20.71,79.29,0.00
"4202",Lancaster,Earl Twp - New Holland Dist,333,1007,1,1341,24.83,75.09,0.07
"4301",Lancaster,Earl East Twp - Blue Ball Dist,264,873,,1137,23.22,76.78,0.00
"4302",Lancaster,Earl East Twp - Terre Hill Dist,166,571,,737,22.52,77.48,0.00
"4401",Lancaster,Earl West Twp - Earlville Dist,348,649,,997,34.90,65.10,0.00
"4402",Lancaster,Earl West Twp - Farmersville Dist,260,585,,845,30.77,69.23,0.00
"4403",Lancaster,Earl West Twp - North District,323,559,1,883,36.58,63.31,0.11
"4500",Lancaster,Eden Twp,137,354,,491,27.90,72.10,0.00
"4600",Lancaster,Elizabeth Twp,402,1169,1,1572,25.57,74.36,0.06
"4701",Lancaster,Ephrata Twp - Lincoln Dist,395,712,1,1108,35.65,64.26,0.09
"4702",Lancaster,Ephrata Twp - Murrell Dist,481,1034,1,1516,31.73,68.21,0.07
"4703",Lancaster,Ephrata Twp - Trout Run Dist,268,507,,775,34.58,65.42,0.00
"4800",Lancaster,Fulton Twp,197,635,,832,23.68,76.32,0.00
"4901",Lancaster,Hempfield East Twp - Barrcrest Dist,307,202,,509,60.31,39.69,0.00
"4902",Lancaster,Hempfield East Twp - Centerville Dist,510,601,1,1112,45.86,54.05,0.09
"4903",Lancaster,Hempfield East Twp - Cherry Hill Dist,268,234,,502,53.39,46.61,0.00
"4904",Lancaster,Hempfield East Twp - Chestnut Ridge Dist,678,540,4,1222,55.48,44.19,0.33
"4905",Lancaster,Hempfield East Twp - Friendly Dist,302,230,,532,56.77,43.23,0.00
"4906",Lancaster,Hempfield East Twp - Spring Dist,488,523,,1011,48.27,51.73,0.00
"4907",Lancaster,Hempfield East Twp - Hempland Dist,207,209,,416,49.76,50.24,0.00
"4908",Lancaster,Hempfield East Twp - Indian Springs Dist,417,434,,851,49.00,51.00,0.00
"4909",Lancaster,Hempfield East Twp - Kings District,314,334,,648,48.46,51.54,0.00
"4911",Lancaster,Hempfield East Twp - Landisville Dist,423,446,,869,48.68,51.32,0.00
"4912",Lancaster,Hempfield East Twp - Millcreek Dist,445,498,,943,47.19,52.81,0.00
"4913",Lancaster,Hempfield East Twp - Petersburg Dist,232,443,,675,34.37,65.63,0.00
"4914",Lancaster,Hempfield East Twp - Pleasant View Dist,568,446,,1014,56.02,43.98,0.00
"4915",Lancaster,Hempfield East Twp - Rohrerstown Dist,509,413,,922,55.21,44.79,0.00
"4916",Lancaster,Hempfield East Twp - Scotland Dist,421,537,,958,43.95,56.05,0.00
"5001",Lancaster,Hempfield West Twp - Chestnut Hill Dist,529,539,,1068,49.53,50.47,0.00
"5002",Lancaster,Hempfield West Twp - Farmdale Dist,482,662,,1144,42.13,57.87,0.00
"5003",Lancaster,Hempfield West Twp - Ironville Dist,424,550,1,975,43.49,56.41,0.10
"5004",Lancaster,Hempfield West Twp - Silver Spring Dist,352,561,2,915,38.47,61.31,0.22
"5005",Lancaster,Hempfield West Twp - Oyster Point Dist,574,648,2,1224,46.90,52.94,0.16
"5006",Lancaster,Hempfield West Twp - Highland Park Dist,330,316,,646,51.08,48.92,0.00
"5007",Lancaster,Hempfield West Twp - Salunga Dist,374,481,2,857,43.64,56.13,0.23
"5101",Lancaster,Lampeter East Twp - 1st Dist,417,545,,962,43.35,56.65,0.00
"5102",Lancaster,Lampeter East Twp - 2nd Dist,432,540,,972,44.44,55.56,0.00
"5103",Lancaster,Lampeter East Twp - 3rd Dist,206,483,,689,29.90,70.10,0.00
"5104",Lancaster,Lampeter East Twp - 4th Dist,381,315,2,698,54.58,45.13,0.29
"5105",Lancaster,Lampeter East Twp - 5th Dist,362,322,1,685,52.85,47.01,0.15
"5106",Lancaster,Lampeter East Twp - 6th Dist,238,347,,585,40.68,59.32,0.00
"5107",Lancaster,Lampeter East Twp - 7th Dist,320,674,2,996,32.13,67.67,0.20
"5108",Lancaster,Lampeter East Twp - 8th Dist,471,369,,840,56.07,43.93,0.00
"5201",Lancaster,Lampeter West Twp - Lampeter Dist,376,661,3,1040,36.15,63.56,0.29
"5202",Lancaster,Lampeter West Twp - Lyndon Dist,402,577,,979,41.06,58.94,0.00
"5203",Lancaster,Lampeter West Twp - Willow Street Dist,485,733,,1218,39.82,60.18,0.00
"5204",Lancaster,Lampeter West Twp - Locust Dist,609,832,,1441,42.26,57.74,0.00
"5205",Lancaster,Lampeter West Twp - Millport Dist,448,631,,1079,41.52,58.48,0.00
"5206",Lancaster,Lampeter West Twp - Lakes Dist,389,647,,1036,37.55,62.45,0.00
"5207",Lancaster,Lampeter West Twp - Windy Hill Dist,618,984,3,1605,38.50,61.31,0.19
"5301",Lancaster,Lancaster Twp - 1st Dist,357,144,,501,71.26,28.74,0.00
"5302",Lancaster,Lancaster Twp - 2nd Dist,312,93,,405,77.04,22.96,0.00
"5303",Lancaster,Lancaster Twp - 3rd Dist,316,151,1,468,67.52,32.26,0.21
"5304",Lancaster,Lancaster Twp - 4th Dist,516,242,,758,68.07,31.93,0.00
"5305",Lancaster,Lancaster Twp - 5th Dist,510,237,1,748,68.18,31.68,0.13
"5306",Lancaster,Lancaster Twp - 6th Dist,359,254,1,614,58.47,41.37,0.16
"5307",Lancaster,Lancaster Twp - 7th Dist,568,267,,835,68.02,31.98,0.00
"5308",Lancaster,Lancaster Twp - 8th Dist,817,316,1,1134,72.05,27.87,0.09
"5309",Lancaster,Lancaster Twp - 9th Dist,723,350,,1073,67.38,32.62,0.00
"5400",Lancaster,Leacock Twp,239,856,1,1096,21.81,78.10,0.09
"5501",Lancaster,Leacock Upper Twp - Bareville Dist,349,680,,1029,33.92,66.08,0.00
"5502",Lancaster,Leacock Upper Twp - Leacock Dist,272,554,,826,32.93,67.07,0.00
"5503",Lancaster,Leacock Upper Twp - Leola Dist,297,459,,756,39.29,60.71,0.00
"5600",Lancaster,Little Britain Twp,318,932,1,1251,25.42,74.50,0.08
"5701",Lancaster,Manheim Twp - 1st Dist,398,547,,945,42.12,57.88,0.00
"5702",Lancaster,Manheim Twp - 2nd Dist,426,492,1,919,46.35,53.54,0.11
"5703",Lancaster,Manheim Twp - 3rd Dist,433,363,,796,54.40,45.60,0.00
"5704",Lancaster,Manheim Twp - 4th Dist,391,392,,783,49.94,50.06,0.00
"5705",Lancaster,Manheim Twp - 5th Dist,449,426,,875,51.31,48.69,0.00
"5706",Lancaster,Manheim Twp - 6th Dist,474,551,,1025,46.24,53.76,0.00
"5707".1,Lancaster,Manheim Twp - 7th Dist - 41st,184,78,,262,70.23,29.77,0.00
"5707".2,Lancaster,Manheim Twp - 7th Dist - 96th,113,45,,158,71.52,28.48,0.00
"5708",Lancaster,Manheim Twp - 8th Dist,334,271,2,607,55.02,44.65,0.33
"5709",Lancaster,Manheim Twp - 9th Dist,371,315,,686,54.08,45.92,0.00
"5710",Lancaster,Manheim Twp - 10th Dist,521,447,,968,53.82,46.18,0.00
"5711",Lancaster,Manheim Twp - 11th Dist,381,197,,578,65.92,34.08,0.00
"5712",Lancaster,Manheim Twp - 12th Dist,347,313,,660,52.58,47.42,0.00
"5713",Lancaster,Manheim Twp - 13th Dist,544,608,1,1153,47.18,52.73,0.09
"5714",Lancaster,Manheim Twp - 14th Dist,365,361,1,727,50.21,49.66,0.14
"5715",Lancaster,Manheim Twp - 15th Dist,505,367,2,874,57.78,41.99,0.23
"5716",Lancaster,Manheim Twp - 16th Dist,794,729,,1523,52.13,47.87,0.00
"5717",Lancaster,Manheim Twp - 17th Dist,474,295,2,771,61.48,38.26,0.26
"5718",Lancaster,Manheim Twp - 18th Dist,411,331,,742,55.39,44.61,0.00
"5719",Lancaster,Manheim Twp - 19th Dist,449,280,,729,61.59,38.41,0.00
"5720",Lancaster,Manheim Twp - 20th Dist,498,595,3,1096,45.44,54.29,0.27
"5721",Lancaster,Manheim Twp - 21st Dist,617,626,1,1244,49.60,50.32,0.08
"5722",Lancaster,Manheim Twp - 22nd Dist,515,326,,841,61.24,38.76,0.00
"5723",Lancaster,Manheim Twp - 23rd Dist,561,660,1,1222,45.91,54.01,0.08
"5800",Lancaster,Manor Twp - Bethel Dist,267,223,1,491,54.38,45.42,0.20
"5801",Lancaster,Manor Twp - Hambright Dist,671,551,1,1223,54.87,45.05,0.08
"5802",Lancaster,Manor Twp - Indiantown Dist,203,504,,707,28.71,71.29,0.00
"5803",Lancaster,Manor Twp - Leisure Dist,802,866,,1668,48.08,51.92,0.00
"5804",Lancaster,Manor Twp - Manor New Dist,331,732,4,1067,31.02,68.60,0.37
"5805",Lancaster,Manor Twp - Washington Boro Dist,152,503,,655,23.21,76.79,0.00
"5806",Lancaster,Manor Twp - West Lancaster Dist,552,442,,994,55.53,44.47,0.00
"5807",Lancaster,Manor Twp - New East Dist,743,760,1,1504,49.40,50.53,0.07
"5808",Lancaster,Manor Twp - Hershey Mill Dist,342,308,1,651,52.53,47.31,0.15
"5900",Lancaster,Martic Twp - Marticville Dist,416,758,1,1175,35.40,64.51,0.09
"5901",Lancaster,Martic Twp - Holtwood Dist,195,541,2,738,26.42,73.31,0.27
"6001",Lancaster,Mount Joy Twp - Milton Grove Dist,412,733,,1145,35.98,64.02,0.00
"6002",Lancaster,Mount Joy Twp - Fairview,213,713,,926,23.00,77.00,0.00
"6003",Lancaster,Mount Joy Twp - Cloverleaf,472,629,,1101,42.87,57.13,0.00
"6004",Lancaster,Mount Joy Twp - Hershey Road,457,744,,1201,38.05,61.95,0.00
"6100",Lancaster,Paradise Twp,301,1010,,1311,22.96,77.04,0.00
"6201",Lancaster,Penn Twp - Junction Dist,544,1021,,1565,34.76,65.24,0.00
"6202",Lancaster,Penn Twp - South Penn Dist,398,857,1,1256,31.69,68.23,0.08
"6203",Lancaster,Penn Twp - Penryn,236,821,1,1058,22.31,77.60,0.09
"6300",Lancaster,Pequea Twp - West Willow Dist,446,881,2,1329,33.56,66.29,0.15
"6301",Lancaster,Pequea Twp - New Danville Dist,222,583,,805,27.58,72.42,0.00
"6400",Lancaster,Providence Twp - East Dist,344,883,1,1228,28.01,71.91,0.08
"6401",Lancaster,Providence Twp - West Dist,271,766,,1037,26.13,73.87,0.00
"6501",Lancaster,Rapho Twp - Sporting Hill Dist,201,783,,984,20.43,79.57,0.00
"6502",Lancaster,Rapho Twp - Elm Tree I Dist,183,641,3,827,22.13,77.51,0.36
"6503",Lancaster,Rapho Twp - Union Square Dist,232,885,1,1118,20.75,79.16,0.09
"6504",Lancaster,Rapho Twp - Elm Tree II Dist,462,820,,1282,36.04,63.96,0.00
"6505",Lancaster,Rapho Twp - Willow Creek Dist,461,605,,1066,43.25,56.75,0.00
"6600",Lancaster,Sadsbury Twp,233,570,1,804,28.98,70.90,0.12
"6701",Lancaster,Salisbury Twp - Cambridge Dist,173,637,1,811,21.33,78.55,0.12
"6702",Lancaster,Salisbury Twp - Gap Dist,250,530,2,782,31.97,67.77,0.26
"6703",Lancaster,Salisbury Twp - White Horse Dist,200,709,,909,22.00,78.00,0.00
"6800",Lancaster,Strasburg Twp,404,1046,2,1452,27.82,72.04,0.14
"6901",Lancaster,Warwick Twp - Brunnerville Dist,313,640,,953,32.84,67.16,0.00
"6902",Lancaster,Warwick Twp - Kissel Hill Dist,453,613,2,1068,42.42,57.40,0.19
"6903",Lancaster,Warwick Twp - Rothsville Dist,320,580,1,901,35.52,64.37,0.11
"6904",Lancaster,Warwick Twp - Woodcrest Dist,410,399,,809,50.68,49.32,0.00
"6905",Lancaster,Warwick Twp - Clay Newport Dist,557,679,1,1237,45.03,54.89,0.08
"6906",Lancaster,Warwick Twp - Hilltop Manor Dist,206,438,,644,31.99,68.01,0.00
"6908",Lancaster,Warwick Twp - Millport Dist,217,451,,668,32.49,67.51,0.00
"6909",Lancaster,Warwick Twp - Newport West Dist,455,655,1,1111,40.95,58.96,0.09
"6910",Lancaster,Warwick Twp - Southwest Dist,557,717,1,1275,43.69,56.24,0.08
"21-1-0-0",York,Chanceford Township 1,307,777,1,1085,28.29,71.61,0.09
"21-2-0-0",York,Chanceford Township 2,83,324,,407,20.39,79.61,0.00
"21-3-0-0",York,Chanceford Township 3,181,526,1,708,25.56,74.29,0.14
"22-1-0-0",York,Codorus Township 1,156,396,1,553,28.21,71.61,0.18
"22-2-0-0",York,Codorus Township 2,168,417,,585,28.72,71.28,0.00
"22-3-0-0",York,Codorus Township 3,199,362,,561,35.47,64.53,0.00
"25-0-0-0",York,East Hopewell Township,295,777,,1072,27.52,72.48,0.00
"28-0-0-0",York,Fawn Township,226,949,2,1177,19.20,80.63,0.17
"30-0-0-0",York,Heidelberg Township,350,920,,1270,27.56,72.44,0.00
"31-1-0-0",York,Hellam Township 1,392,771,,1163,33.71,66.29,0.00
"31-2-0-0",York,Hellam Township 2,455,921,2,1378,33.02,66.84,0.15
"32-0-0-0",York,Hopewell Township,692,1720,1,2413,28.68,71.28,0.04
"33-1-0-0",York,Jackson Township 1,474,1086,2,1562,30.35,69.53,0.13
"33-2-0-0",York,Jackson Township 2,532,979,1,1512,35.19,64.75,0.07
"34-1-0-0",York,Lower Chanceford Township 1,107,305,1,413,25.91,73.85,0.24
"34-2-0-0",York,Lower Chanceford Township 2,118,462,2,582,20.27,79.38,0.34
"35-1-0-0",York,Lower Windsor Township 1,139,328,,467,29.76,70.24,0.00
"35-2-0-0",York,Lower Windsor Township 2,300,674,,974,30.80,69.20,0.00
"35-3-0-0",York,Lower Windsor Township 3,363,1007,1,1371,26.48,73.45,0.07
"37-0-0-0",York,Manheim Township,394,1115,3,1512,26.06,73.74,0.20
"40-1-0-0",York,North Codorus Township 1,770,1574,1,2345,32.84,67.12,0.04
"40-2-0-0",York,North Codorus Township 2,377,1021,1,1399,26.95,72.98,0.07
"41-0-0-0",York,North Hopewell Township,258,914,1,1173,21.99,77.92,0.09
"42-0-0-0",York,Paradise Township,370,1127,,1497,24.72,75.28,0.00
"43-0-0-0",York,Peach Bottom Township,390,1317,2,1709,22.82,77.06,0.12
"44-1-0-0",York,Penn Township 1,517,959,1,1477,35.00,64.93,0.07
"44-2-0-0",York,Penn Township 2,483,1036,1,1520,31.78,68.16,0.07
"44-3-0-0",York,Penn Township 3,294,426,1,721,40.78,59.08,0.14
"44-4-0-0",York,Penn Township 4,700,1404,3,2107,33.22,66.64,0.14
"45-1-0-0",York,Shrewsbury Township 1,367,795,0,1162,31.58,68.42,0.00
"45-2-0-0",York,Shrewsbury Township 2,744,1288,0,2032,36.61,63.39,0.00
"47-0-0-0",York,Springfield Township,1014,1654,4,2672,37.95,61.90,0.15
"52-0-0-0",York,West Manheim Township,980,2162,2,3144,31.17,68.77,0.06
"53-1-0-0",York,Windsor Township 1,901,1497,5,2403,37.49,62.30,0.21
"53-2-0-0",York,Windsor Township 2,401,999,,1400,28.64,71.36,0.00
"53-3-0-0",York,Windsor Township 3,577,1017,,1594,36.20,63.80,0.00
"53-4-0-0",York,Windsor Township 4,708,1229,2,1939,36.51,63.38,0.10
"54-0-2-1",York,York Township 2-1,356,504,,860,41.40,58.60,0.00
"54-0-2-2",York,York Township 2-2,206,445,1,652,31.60,68.25,0.15
"54-0-2-3",York,York Township 2-3,384,658,2,1044,36.78,63.03,0.19
"55-0-0-0",York,Cross Roads Borough,50,165,,215,23.26,76.74,0.00
"56-0-1-0",York,Dallastown Borough 1,248,318,,566,43.82,56.18,0.00
"56-0-2-0",York,Dallastown Borough 2,298,425,1,724,41.16,58.70,0.14
"57-0-0-0",York,Delta Borough,51,172,1,224,22.77,76.79,0.45
"60-0-0-0",York,East Prospect Borough,100,229,,329,30.40,69.60,0.00
"61-0-0-0",York,Fawn Grove Borough,55,131,,186,29.57,70.43,0.00
"62-0-0-0",York,Felton Borough,26,144,,170,15.29,84.71,0.00
"64-0-0-0",York,Glen Rock Borough,301,460,1,762,39.50,60.37,0.13
"66-0-0-0",York,Hallam Borough,417,516,2,935,44.60,55.19,0.21
"67-0-1-0",York,Hanover Borough 1,452,618,1,1071,42.20,57.70,0.09
"67-0-2-0",York,Hanover Borough 2,545,953,1,1499,36.36,63.58,0.07
"67-0-3-0",York,Hanover Borough 3,324,479,0,803,40.35,59.65,0.00
"67-0-4-0",York,Hanover Borough 4,332,389,1,722,45.98,53.88,0.14
"67-0-5-0",York,Hanover Borough 5,327,455,0,782,41.82,58.18,0.00
"72-0-0-0",York,Jacobus Borough,286,516,2,804,35.57,64.18,0.25
"73-0-0-0",York,Jefferson Borough,71,169,0,240,29.58,70.42,0.00
"75-0-0-0",York,Loganville Borough,190,371,0,561,33.87,66.13,0.00
"78-0-0-0",York,New Freedom Borough,833,1372,4,2209,37.71,62.11,0.18
"79-0-0-0",York,New Salem Borough,117,223,0,340,34.41,65.59,0.00
"81-0-0-0",York,Railroad Borough,32,57,0,89,35.96,64.04,0.00
"82-0-1-0",York,Red Lion Borough 1,164,288,0,452,36.28,63.72,0.00
"82-0-2-0",York,Red Lion Borough 2,224,348,1,573,39.09,60.73,0.17
"82-0-3-0",York,Red Lion Borough 3,369,465,2,836,44.14,55.62,0.24
"83-0-0-0",York,Seven Valleys Borough,1975,84,0,2059,95.92,4.08,0.00
"84-0-0-0",York,Shrewsbury Borogh,599,1038,1,1638,36.57,63.37,0.06
"85-0-0-0",York,Spring Grove Borough,270,464,,734,36.78,63.22,0.00
"86-0-0-0",York,Stewartstown Borough,284,564,0,848,33.49,66.51,0.00
"89-0-0-0",York,Windsor Borough,103,222,,325,31.69,68.31,0.00
"90-0-0-0",York,Winterstown Borough,60,177,1,238,25.21,74.37,0.42
"91-0-1-0",York,Wrightsville Borough 1,77,128,0,205,37.56,62.44,0.00
"91-0-2-0",York,Wrightsville Borough 2,102,145,0,247,41.30,58.70,0.00
"91-0-3-0",York,Wrightsville Borough 3,114,183,,297,38.38,61.62,0.00
"93-0-0-0",York,Yorkana Borough,32,71,0,103,31.07,68.93,0.00
